ControlSample,CompressedSample
0.0200226,0.0189807
0.019026,0.01850505
0.0171687,0.01796145
