ControlSample,CompressedSample
0.967117988,1.290322581
1.1093854,1.146788991
1.253761284,1.054629825
0.916590284,1.163913799
